City,Lat,Long,Total_Revenue,Population,Revenue_per_capita,Population_Fbi,Violent_Crime,Murder,Rape,Robbery,Agg_Assault,Property_Crime,Burglary,Larceny_theft,Motor_vehicle_theft,Arson,,,,,,,,,,,,,,,,,,,,,
Adelanto,34.5868,-117.4411,"14,565,863","33,497",435,"33,479",276,1,28,48,199,560,241,218,101,15,,,,,,,,,,,,,,,,,,,,,
Agoura Hills,34.151,-118.7608,"28,100,766","21,211","1,325","21,032",15,0,2,3,10,253,83,150,20,0,,,,,,,,,,,,,,,,,,,,,
Alameda,37.767,-122.2673,"215,187,532","79,277","2,714","79,597",151,1,8,68,74,"2,020",226,"1,351",443,29,,,,,,,,,,,,,,,,,,,,,
Albany,37.8898,-122.3018,"35,120,955","18,893","1,859","19,975",29,0,0,24,5,533,62,426,45,3,,,,,,,,,,,,,,,,,,,,,
Alhambra,34.084,-118.1355,"115,993,675","86,782","1,337","86,035",146,0,9,73,64,"2,107",422,"1,447",238,4,,,,,,,,,,,,,,,,,,,,,
Aliso Viejo,33.5792,-117.729,"20,608,025","50,509",408,"50,604",29,0,4,5,20,411,61,323,27,0,,,,,,,,,,,,,,,,,,,,,
Alturas,41.4911,-120.5491,"5,761,271","2,684","2,147","2,549",22,0,5,1,16,116,34,74,8,0,,,,,,,,,,,,,,,,,,,,,
American Canyon,38.1798,-122.2583,"39,553,539","20,374","1,941","20,746",68,0,7,15,46,409,58,295,56,2,,,,,,,,,,,,,,,,,,,,,
Anaheim,33.839,-117.8572,"1,177,907,888","358,136","3,289","353,504","1,209",7,123,390,689,"9,617","1,469","6,764","1,384",33,,,,,,,,,,,,,,,,,,,,,
Anderson,40.4509,-122.2961,"13,138,675","10,485","1,253","10,273",92,2,8,6,76,452,51,315,86,7,,,,,,,,,,,,,,,,,,,,,
Angels ,38.0683,-120.5396,"7,653,993","4,045","1,892","3,755",9,0,2,0,7,37,8,23,6,0,,,,,,,,,,,,,,,,,,,,,
Antioch,37.9789,-121.7958,"102,456,004","112,968",907,"112,090",760,9,55,293,403,"3,690",762,"2,012",916,56,,,,,,,,,,,,,,,,,,,,,
Apple Valley,34.5329,-117.2102,"70,259,057","74,656",941,"72,757",314,4,26,74,210,"1,735",417,"1,064",254,17,,,,,,,,,,,,,,,,,,,,,
Arcadia,34.1342,-118.0373,"87,719,309","57,050","1,538","58,816",83,2,4,44,33,"1,642",520,"1,045",77,5,,,,,,,,,,,,,,,,,,,,,
Arcata,40.862,-124.0754,"37,904,466","18,169","2,086","17,913",82,0,6,22,54,667,129,461,77,6,,,,,,,,,,,,,,,,,,,,,
Arroyo Grande,35.1243,-120.5849,"24,781,267","17,731","1,398","18,280",35,0,6,9,20,334,53,262,19,3,,,,,,,,,,,,,,,,,,,,,
Artesia,33.8676,-118.0806,"11,856,680","16,883",702,"17,049",89,2,1,30,56,622,198,350,74,1,,,,,,,,,,,,,,,,,,,,,
Arvin,35.1944,-118.8306,"9,581,719","20,978",457,"21,195",191,2,3,17,169,634,170,279,185,18,,,,,,,,,,,,,,,,,,,,,
Atascadero,35.4827,-120.6858,"28,754,731","30,879",931,"30,108",83,1,11,7,64,501,109,345,47,6,,,,,,,,,,,,,,,,,,,,,
Atherton,37.4539,-122.2032,"19,983,004","7,150","2,795","7,218",3,0,1,1,1,104,14,84,6,0,,,,,,,,,,,,,,,,,,,,,
Atwater,37.3543,-120.5981,"35,413,064","30,061","1,178","29,437",203,1,8,27,167,"1,006",190,670,146,16,,,,,,,,,,,,,,,,,,,,,
Auburn,38.8948,-121.0778,"20,056,077","14,070","1,425","14,078",67,1,5,6,55,305,64,199,42,2,,,,,,,,,,,,,,,,,,,,,
Avalon,33.3338,-118.3317,"23,042,807","3,678","6,265","3,813",10,0,2,0,8,37,2,34,1,0,,,,,,,,,,,,,,,,,,,,,
Avenal,36.0312,-120.116,"14,546,288","12,373","1,176","12,941",32,3,5,3,21,176,86,72,18,1,,,,,,,,,,,,,,,,,,,,,
Azusa,34.1386,-117.9124,"116,728,161","49,485","2,359","50,393",175,1,18,46,110,"1,139",261,695,183,6,,,,,,,,,,,,,,,,,,,,,
Bakersfield,35.3528,-119.0354,"492,445,981","379,110","1,299","378,788","1,821",32,67,614,"1,108","17,138","3,887","10,203","3,048",332,,,,,,,,,,,,,,,,,,,,,
Baldwin Park,34.0829,-117.972,"44,375,132","74,738",594,"77,400",291,5,31,73,182,"1,514",356,818,340,8,,,,,,,,,,,,,,,,,,,,,
Banning,33.946,-116.8992,"54,368,891","30,834","1,763","31,191",148,3,13,34,98,676,234,279,163,0,,,,,,,,,,,,,,,,,,,,,
Barstow,34.8655,-117.0464,"34,050,847","24,360","1,398","23,894",361,3,24,106,228,"1,136",455,465,216,16,,,,,,,,,,,,,,,,,,,,,
Beaumont,33.9052,-116.976,"42,397,643","45,118",940,"45,249",144,0,15,29,100,"1,059",190,696,173,0,,,,,,,,,,,,,,,,,,,,,
Bell,33.9801,-118.1798,"27,897,913","36,716",760,"36,347",233,5,11,57,160,782,212,414,156,0,,,,,,,,,,,,,,,,,,,,,
Bell Gardens,33.9663,-118.155,"36,894,135","42,952",859,"43,316",155,3,7,64,81,942,103,510,329,4,,,,,,,,,,,,,,,,,,,,,
Bellflower,33.888,-118.1271,"47,073,522","76,363",616,"78,806",392,4,31,160,197,"1,990",453,"1,047",490,13,,,,,,,,,,,,,,,,,,,,,
Belmont,37.5154,-122.2955,"70,116,357","27,834","2,519","27,492",31,0,8,5,18,377,86,266,25,6,,,,,,,,,,,,,,,,,,,,,
Belvedere,37.8735,-122.4662,"7,222,970","2,162","3,341","2,131",1,0,0,0,1,21,5,16,0,0,,,,,,,,,,,,,,,,,,,,,
Benicia,38.0704,-122.1542,"62,227,307","27,501","2,263","28,400",19,0,4,8,7,540,141,299,100,2,,,,,,,,,,,,,,,,,,,,,
Berkeley,37.8723,-122.276,"400,105,232","119,915","3,337","122,651",602,2,54,361,185,"5,420",805,"3,965",650,24,,,,,,,,,,,,,,,,,,,,,
Beverly Hills,34.0786,-118.4021,"334,544,323","34,763","9,624","35,018",106,0,14,49,43,"1,416",306,"1,037",73,4,,,,,,,,,,,,,,,,,,,,,
Big Bear Lake,34.243,-116.8955,"35,977,958","4,905","7,335","5,250",33,1,5,3,24,195,52,127,16,2,,,,,,,,,,,,,,,,,,,,,
Biggs,39.4133,-121.7102,"6,117,534","1,899","3,221","1,703",16,0,2,0,14,29,9,16,4,0,,,,,,,,,,,,,,,,,,,,,
Bishop,37.3665,-118.3958,"9,548,325","3,971","2,405","3,793",29,1,1,5,22,156,31,114,11,0,,,,,,,,,,,,,,,,,,,,,
Blythe,33.6219,-114.6177,"24,759,096","19,813","1,250","18,961",78,1,4,20,53,684,246,413,25,21,,,,,,,,,,,,,,,,,,,,,
Bradbury,34.1535,-117.9684,"2,340,336","1,123","2,084","1,097",0,0,0,0,0,6,4,2,0,0,,,,,,,,,,,,,,,,,,,,,
Brawley,32.9787,-115.53,"29,796,828","26,566","1,122","26,076",125,0,4,11,110,941,170,692,79,18,,,,,,,,,,,,,,,,,,,,,
Brea,33.9255,-117.8654,"92,773,736","43,710","2,122","42,465",92,0,6,29,57,"1,431",188,"1,169",74,6,,,,,,,,,,,,,,,,,,,,,
Brentwood,37.9356,-121.719,"137,150,828","58,784","2,333","60,512",130,0,17,50,63,"1,285",146,980,159,6,,,,,,,,,,,,,,,,,,,,,
Brisbane,37.6898,-122.4019,"22,368,592","4,699","4,760","4,807",12,1,0,0,11,99,42,49,8,2,,,,,,,,,,,,,,,,,,,,,
Buellton,34.6152,-120.1943,"10,982,188","4,957","2,215","5,133",5,0,0,3,2,81,16,60,5,0,,,,,,,,,,,,,,,,,,,,,
Buena Park,33.8572,-118.0046,"87,540,902","83,347","1,050","83,768",249,1,16,78,154,"2,588",322,"1,891",375,9,,,,,,,,,,,,,,,,,,,,,
Burbank,34.188,-118.3234,"477,798,809","105,110","4,546","105,720",210,0,24,50,136,"2,927",392,"2,269",266,19,,,,,,,,,,,,,,,,,,,,,
Burlingame,37.586,-122.367,"120,466,452","29,724","4,053","30,792",62,1,13,18,30,"1,050",229,688,133,5,,,,,,,,,,,,,,,,,,,,,
Calabasas,34.1375,-118.6689,"48,585,392","24,263","2,002","24,492",15,0,1,3,11,291,90,178,23,2,,,,,,,,,,,,,,,,,,,,,
Calexico,32.6849,-115.4944,"42,260,809","40,211","1,051","40,336",164,0,3,38,123,"1,267",321,710,236,19,,,,,,,,,,,,,,,,,,,,,
California City,35.1578,-117.872,"21,560,483","13,992","1,541","13,244",91,1,9,21,60,390,215,152,23,0,,,,,,,,,,,,,,,,,,,,,
Calimesa,33.9873,-117.0542,"7,762,038","8,289",936,"8,671",15,1,0,8,6,264,67,169,28,0,,,,,,,,,,,,,,,,,,,,,
Calistoga,38.5817,-122.5825,"23,418,795","5,180","4,521","5,364",11,0,5,1,5,76,20,53,3,1,,,,,,,,,,,,,,,,,,,,,
Camarillo,34.223,-119.0325,"75,940,836","69,924","1,086","68,072",123,4,21,31,67,"1,125",202,824,99,7,,,,,,,,,,,,,,,,,,,,,
Campbell,37.2803,-121.9543,"60,301,132","42,584","1,416","41,457",108,0,18,33,57,"1,306",249,908,149,14,,,,,,,,,,,,,,,,,,,,,
Canyon Lake,33.6884,-117.2621,"5,267,430","10,681",493,"11,176",16,0,2,1,13,136,38,70,28,0,,,,,,,,,,,,,,,,,,,,,
Capitola,36.9772,-121.9539,"17,235,886","10,150","1,698","10,241",28,0,4,11,13,759,35,674,50,3,,,,,,,,,,,,,,,,,,,,,
Carlsbad,33.1246,-117.2836,"208,710,367","112,930","1,848","115,040",209,0,37,49,123,"2,188",369,"1,652",167,7,,,,,,,,,,,,,,,,,,,,,
Carmel-by-the-Sea,36.5528,-121.9222,"20,312,387","3,833","5,299","3,931",7,0,0,1,6,98,18,73,7,0,,,,,,,,,,,,,,,,,,,,,
Carpinteria,34.3961,-119.5117,"11,151,371","13,928",801,"13,865",26,0,2,8,16,235,50,172,13,0,,,,,,,,,,,,,,,,,,,,,
Carson,33.8374,-118.2559,"89,342,905","93,993",951,"93,613",505,10,23,165,307,"2,424",439,"1,463",522,22,,,,,,,,,,,,,,,,,,,,,
Cathedral City,33.8363,-116.4662,"48,035,173","54,261",885,"54,317",152,5,18,51,78,"1,097",275,429,393,5,,,,,,,,,,,,,,,,,,,,,
Ceres,37.5954,-120.9624,"41,795,338","47,166",886,"48,372",186,1,11,66,108,"1,278",278,616,384,7,,,,,,,,,,,,,,,,,,,,,
Cerritos,33.8677,-118.0686,"83,102,063","49,412","1,682","50,159",111,0,5,48,58,"2,264",468,"1,576",220,5,,,,,,,,,,,,,,,,,,,,,
Chico,39.7568,-121.816,"86,937,449","92,464",940,"91,122",293,0,66,57,170,"3,290",499,"2,336",455,199,,,,,,,,,,,,,,,,,,,,,
Chino,33.9836,-117.6653,"131,991,886","85,934","1,536","87,081",207,1,13,52,141,"2,151",439,"1,407",305,2,,,,,,,,,,,,,,,,,,,,,
Chino Hills,33.9508,-117.7254,"131,923,792","78,866","1,673","78,990",59,1,8,12,38,"1,013",331,595,87,5,,,,,,,,,,,,,,,,,,,,,
Chowchilla,37.1095,-120.2349,"17,017,285","18,547",918,"18,487",85,0,1,7,77,527,161,281,85,15,,,,,,,,,,,,,,,,,,,,,
Chula Vista,32.6281,-117.0144,"281,345,139","265,070","1,061","270,175",696,1,58,208,429,"4,254",694,"2,675",885,39,,,,,,,,,,,,,,,,,,,,,
Citrus Heights,38.6948,-121.288,"57,188,174","86,291",663,"87,811",396,3,38,88,267,"2,676",400,"1,900",376,16,,,,,,,,,,,,,,,,,,,,,
Claremont,34.1259,-117.7153,"47,898,771","36,218","1,323","36,553",59,0,3,28,28,960,290,607,63,6,,,,,,,,,,,,,,,,,,,,,
Clayton,37.9403,-121.9301,"7,877,590","11,209",703,"12,057",4,0,0,3,1,146,26,107,13,2,,,,,,,,,,,,,,,,,,,,,
Clearlake,38.959,-122.6331,"6,853,244","15,468",443,"15,165",149,1,19,37,92,677,237,336,104,10,,,,,,,,,,,,,,,,,,,,,
Cloverdale,38.796,-123.0152,"20,541,432","8,825","2,328","8,848",18,0,5,4,9,121,18,90,13,4,,,,,,,,,,,,,,,,,,,,,
Clovis,36.8283,-119.6851,"144,240,793","108,039","1,335","105,865",255,2,35,72,146,"2,973",434,"2,337",202,7,,,,,,,,,,,,,,,,,,,,,
Coachella,33.691,-116.1451,"39,430,833","45,407",868,"45,402",161,2,9,62,88,"1,302",232,847,223,6,,,,,,,,,,,,,,,,,,,,,
Coalinga,36.1432,-120.3268,"20,403,506","16,667","1,224","16,282",130,0,10,7,113,293,90,182,21,4,,,,,,,,,,,,,,,,,,,,,
Colma,37.6767,-122.4526,"23,514,251","1,509","15,583","1,534",27,0,1,12,14,297,48,233,16,0,,,,,,,,,,,,,,,,,,,,,
Colton,34.0538,-117.3254,"126,378,698","53,351","2,369","55,100",213,2,10,98,103,"1,646",304,806,536,12,,,,,,,,,,,,,,,,,,,,,
Colusa,39.2049,-122.0095,"8,280,182","6,315","1,311","5,926",9,0,1,2,6,100,26,57,17,0,,,,,,,,,,,,,,,,,,,,,
Commerce,33.9963,-118.1519,"87,545,677","13,127","6,669","13,128",130,1,7,56,66,"1,223",119,744,360,10,,,,,,,,,,,,,,,,,,,,,
Compton,33.893,-118.2275,"127,348,176","101,226","1,258","98,861","1,129",35,38,365,691,"2,528",371,"1,367",790,46,,,,,,,,,,,,,,,,,,,,,
Concord,37.9722,-122.0016,"144,356,211","129,707","1,113","129,903",447,1,31,159,256,"4,337",521,"2,793","1,023",17,,,,,,,,,,,,,,,,,,,,,
Corcoran,36.0847,-119.5612,"15,854,452","22,691",699,"22,111",68,2,10,7,49,404,114,216,74,2,,,,,,,,,,,,,,,,,,,,,
Corning,39.9282,-122.182,"9,274,015","7,500","1,237","7,522",38,0,5,5,28,322,79,202,41,3,,,,,,,,,,,,,,,,,,,,,
Corona,33.8623,-117.5642,"217,782,253","164,659","1,323","166,534",185,3,39,74,69,"3,693",741,"2,236",716,14,,,,,,,,,,,,,,,,,,,,,
Coronado,32.664,-117.16,"71,547,582","25,230","2,836","24,974",26,0,5,3,18,380,36,312,32,5,,,,,,,,,,,,,,,,,,,,,
Costa Mesa,33.6667,-117.9135,"134,920,971","114,603","1,177","113,816",412,1,60,145,206,"4,610",735,"3,296",579,29,,,,,,,,,,,,,,,,,,,,,
Cotati,38.3278,-122.7092,"12,581,277","7,153","1,759","7,479",37,0,3,6,28,82,26,48,8,4,,,,,,,,,,,,,,,,,,,,,
Covina,34.0903,-117.8817,"56,236,608","49,291","1,141","49,222",164,1,23,48,92,"1,289",309,816,164,5,,,,,,,,,,,,,,,,,,,,,
Crescent City,41.7728,-124.1902,"18,853,464","6,592","2,860","6,622",53,0,2,6,45,147,39,91,17,0,,,,,,,,,,,,,,,,,,,,,
Cudahy,33.9631,-118.183,"9,570,659","24,602",389,"24,411",76,3,9,25,39,246,41,127,78,2,,,,,,,,,,,,,,,,,,,,,
Culver City,34.0058,-118.3968,"163,369,536","40,448","4,039","39,880",213,0,3,137,73,"2,060",304,"1,599",157,0,,,,,,,,,,,,,,,,,,,,,
Cupertino,37.3167,-122.0465,"89,560,885","58,185","1,539","60,948",71,0,7,16,48,997,268,661,68,15,,,,,,,,,,,,,,,,,,,,,
Cypress,33.8171,-118.0386,"39,530,341","49,743",795,"49,557",62,1,6,22,33,782,148,525,109,3,,,,,,,,,,,,,,,,,,,,,
Daly City,37.6863,-122.4684,"111,911,746","109,139","1,025","107,640",244,1,22,90,131,"1,631",246,"1,152",233,15,,,,,,,,,,,,,,,,,,,,,
Dana Point,33.4733,-117.6969,"38,977,161","33,415","1,166","34,349",64,0,11,17,36,559,121,400,38,0,,,,,,,,,,,,,,,,,,,,,
Danville,37.8121,-121.9698,"40,796,630","42,865",952,"44,897",9,1,3,0,5,365,68,264,33,2,,,,,,,,,,,,,,,,,,,,,
Davis,38.5552,-121.7365,"155,078,284","68,314","2,270","68,087",108,0,26,31,51,"1,665",263,"1,290",112,7,,,,,,,,,,,,,,,,,,,,,
Del Mar,32.9633,-117.2627,"26,317,074","4,274","6,157","4,388",11,0,4,1,6,167,57,98,12,0,,,,,,,,,,,,,,,,,,,,,
Del Rey Oaks,36.5929,-121.8381,"2,607,431","1,666","1,565","1,700",4,0,0,2,2,78,34,41,3,0,,,,,,,,,,,,,,,,,,,,,
Delano,35.767,-119.2637,"68,447,471","52,999","1,291","52,656",264,7,9,26,222,"1,552",305,779,468,26,,,,,,,,,,,,,,,,,,,,,
Desert Hot Springs,33.955,-116.543,"19,564,157","29,048",674,"28,573",225,5,14,43,163,926,464,221,241,6,,,,,,,,,,,,,,,,,,,,,
Diamond Bar,33.9992,-117.8161,"33,069,156","57,081",579,"57,162",66,2,4,22,38,931,364,495,72,3,,,,,,,,,,,,,,,,,,,,,
Dinuba,36.5453,-119.3989,"46,171,088","24,657","1,873","24,156",179,0,6,21,152,655,117,453,85,6,,,,,,,,,,,,,,,,,,,,,
Dixon,38.4466,-121.825,"42,613,586","19,018","2,241","19,592",63,1,3,21,38,376,62,267,47,5,,,,,,,,,,,,,,,,,,,,,
Dorris,41.9644,-121.9205,"1,345,802",981,"1,372",900,5,0,1,0,4,19,10,8,1,0,,,,,,,,,,,,,,,,,,,,,
Dos Palos,36.9854,-120.6337,"4,253,607","5,378",791,"5,158",34,0,0,1,33,185,75,86,24,1,,,,,,,,,,,,,,,,,,,,,
Downey,33.9379,-118.1312,"128,333,802","114,181","1,124","114,704",373,1,22,188,162,"3,371",527,"2,078",766,16,,,,,,,,,,,,,,,,,,,,,
Duarte,34.1609,-117.9505,"18,233,863","22,177",822,"22,120",72,2,0,19,51,373,77,223,73,3,,,,,,,,,,,,,,,,,,,,,
Dublin,37.7161,-121.8962,"136,220,951","57,349","2,375","60,430",87,0,8,31,48,"1,097",133,837,127,3,,,,,,,,,,,,,,,,,,,,,
Dunsmuir,41.2318,-122.2714,"4,965,166","1,618","3,069","1,571",6,0,0,0,6,47,15,24,8,0,,,,,,,,,,,,,,,,,,,,,
East Palo Alto,37.4671,-122.1347,"42,324,545","30,545","1,386","29,957",121,3,11,55,52,518,82,344,92,13,,,,,,,,,,,,,,,,,,,,,
Eastvale,33.9617,-117.5803,"25,976,721","63,162",411,"60,115",71,0,5,24,42,"1,269",167,935,167,7,,,,,,,,,,,,,,,,,,,,,
El Cajon,32.8017,-116.9604,"108,104,330","102,337","1,056","104,483",395,1,46,146,202,"2,446",429,"1,584",433,28,,,,,,,,,,,,,,,,,,,,,
El Centro,32.7873,-115.5578,"187,931,811","45,170","4,161","44,213",205,1,19,55,130,"2,314",506,"1,669",139,10,,,,,,,,,,,,,,,,,,,,,
El Cerrito,37.9197,-122.3025,"42,035,245","24,378","1,724","25,222",137,1,6,78,52,"1,064",126,831,107,3,,,,,,,,,,,,,,,,,,,,,
El Monte,34.0739,-118.0291,"98,916,588","113,885",869,"117,354",448,3,31,167,247,"2,501",675,"1,138",688,23,,,,,,,,,,,,,,,,,,,,,
El Segundo,33.9169,-118.4021,"110,746,243","16,646","6,653","17,113",53,0,4,25,24,731,186,472,73,3,,,,,,,,,,,,,,,,,,,,,
Elk Grove,38.416,-121.3841,"151,382,799","167,965",901,"169,742",547,0,51,94,402,"2,342",373,"1,760",209,5,,,,,,,,,,,,,,,,,,,,,
Emeryville,37.8382,-122.2932,"67,644,569","11,721","5,771","12,060",132,0,3,97,32,"1,721",126,"1,449",146,3,,,,,,,,,,,,,,,,,,,,,
Encinitas,33.0492,-117.2613,"88,899,456","61,928","1,436","63,597",105,0,9,14,82,"1,037",204,757,76,4,,,,,,,,,,,,,,,,,,,,,
Escalon,37.7911,-120.9981,"7,995,849","7,065","1,132","7,601",34,1,6,3,24,134,28,91,15,2,,,,,,,,,,,,,,,,,,,,,
Escondido,33.1349,-117.0721,"203,909,689","150,760","1,353","152,897",555,4,48,150,353,"3,286",415,"2,213",658,12,,,,,,,,,,,,,,,,,,,,,
Etna,41.4582,-122.8947,"1,459,617",736,"1,983",712,1,0,0,0,1,7,0,5,2,0,,,,,,,,,,,,,,,,,,,,,
Eureka,40.7941,-124.1568,"55,902,988","26,765","2,089","26,981",255,1,24,76,154,"1,521",424,854,243,17,,,,,,,,,,,,,,,,,,,,,
Exeter,36.294,-119.1459,"9,476,608","11,047",858,"10,589",31,0,1,3,27,269,83,150,36,1,,,,,,,,,,,,,,,,,,,,,
Fairfax,37.9884,-122.595,"10,420,880","7,426","1,403","7,662",16,0,3,4,9,136,16,113,7,0,,,,,,,,,,,,,,,,,,,,,
Fairfield,38.2593,-122.0319,"209,674,577","112,637","1,862","114,521",476,7,56,147,266,"2,845",420,"1,888",537,20,,,,,,,,,,,,,,,,,,,,,
Farmersville,36.3054,-119.2082,"15,065,106","11,161","1,350","10,812",30,0,0,3,27,169,31,103,35,1,,,,,,,,,,,,,,,,,,,,,
Ferndale,40.5799,-124.2619,"1,834,320","1,434","1,279","1,368",7,0,1,1,5,25,7,16,2,0,,,,,,,,,,,,,,,,,,,,,
Fillmore,34.3989,-118.9181,"20,837,460","15,529","1,342","15,653",42,0,4,5,33,100,20,69,11,10,,,,,,,,,,,,,,,,,,,,,
Firebaugh,36.8533,-120.4536,"7,722,660","8,154",947,"8,484",13,0,7,3,3,111,37,57,17,3,,,,,,,,,,,,,,,,,,,,,
Folsom,38.6751,-121.1476,"121,811,943","77,246","1,577","77,245",76,0,9,34,33,"1,384",264,"1,006",114,5,,,,,,,,,,,,,,,,,,,,,
Fontana,34.0967,-117.4599,"186,737,268","209,895",890,"209,531",870,14,69,218,569,"4,396",697,"2,550","1,149",17,,,,,,,,,,,,,,,,,,,,,
Fort Bragg,39.4416,-123.8033,"19,296,062","7,672","2,515","7,292",42,1,4,3,34,326,55,261,10,1,,,,,,,,,,,,,,,,,,,,,
Fort Jones,41.6085,-122.841,"850,008",710,"1,197",684,1,0,0,0,1,10,2,4,4,0,,,,,,,,,,,,,,,,,,,,,
Fortuna,40.5855,-124.1417,"14,981,320","11,848","1,264","12,013",60,2,5,8,45,458,59,368,31,6,,,,,,,,,,,,,,,,,,,,,
Foster City,37.5553,-122.2659,"25,965,855","33,201",782,"34,081",32,0,10,5,17,343,60,261,22,2,,,,,,,,,,,,,,,,,,,,,
Fountain Valley,33.7105,-117.9514,"79,662,270","56,714","1,405","57,291",63,0,0,21,42,"1,443",246,"1,072",125,3,,,,,,,,,,,,,,,,,,,,,
Fowler,36.6247,-119.6738,"6,224,618","5,944","1,047","6,397",35,0,3,4,28,116,36,55,25,0,,,,,,,,,,,,,,,,,,,,,
Fremont,37.5256,-121.987,"303,009,570","229,324","1,321","235,881",420,0,59,184,177,"4,715",923,"2,997",795,21,,,,,,,,,,,,,,,,,,,,,
Fresno,36.7834,-119.7933,"709,942,151","520,453","1,364","524,796","3,206",39,158,"1,122","1,887","20,523","3,697","13,542","3,284",260,,,,,,,,,,,,,,,,,,,,,
Fullerton,33.8841,-117.9279,"175,581,951","142,457","1,233","141,968",341,5,55,94,187,"3,599",456,"2,740",403,14,,,,,,,,,,,,,,,,,,,,,
Galt,38.2671,-121.3034,"49,999,456","25,450","1,965","25,638",76,0,8,11,57,579,120,404,55,7,,,,,,,,,,,,,,,,,,,,,
Garden Grove,33.7787,-117.9601,"206,282,269","177,303","1,163","176,230",545,4,38,186,317,"4,322",861,"2,789",672,9,,,,,,,,,,,,,,,,,,,,,
Gardena,33.8944,-118.3073,"89,848,326","60,785","1,478","60,770",338,3,24,160,151,"1,482",355,772,355,7,,,,,,,,,,,,,,,,,,,,,
Gilroy,37.0048,-121.5843,"98,555,795","55,170","1,786","54,130",182,0,30,57,95,"1,742",255,"1,132",355,19,,,,,,,,,,,,,,,,,,,,,
Glendale,34.1818,-118.2468,"618,652,924","201,668","3,068","202,903",227,1,38,84,104,"3,450",596,"2,491",363,5,,,,,,,,,,,,,,,,,,,,,
Glendora,34.1449,-117.8466,"50,310,891","52,362",961,"52,380",70,0,4,16,50,"1,361",253,"1,036",72,11,,,,,,,,,,,,,,,,,,,,,
Goleta,34.436,-119.8597,"39,797,681","31,235","1,274","31,145",37,0,8,8,21,484,92,364,28,1,,,,,,,,,,,,,,,,,,,,,
Gonzales,36.5061,-121.4429,"14,626,976","8,473","1,726","8,533",35,1,0,9,25,101,18,54,29,0,,,,,,,,,,,,,,,,,,,,,
Grand Terrace,34.0312,-117.3133,"6,316,728","12,315",513,"12,545",21,0,3,8,10,281,75,161,45,0,,,,,,,,,,,,,,,,,,,,,
Grass Valley,39.2236,-121.0549,"25,701,124","12,955","1,984","12,961",96,0,1,7,88,708,120,521,67,3,,,,,,,,,,,,,,,,,,,,,
Greenfield,36.3232,-121.245,"26,571,207","17,446","1,523","17,343",56,3,3,21,29,297,55,168,74,7,,,,,,,,,,,,,,,,,,,,,
Gridley,39.3622,-121.6972,"15,617,268","6,575","2,375","6,584",104,0,3,1,100,196,42,132,22,1,,,,,,,,,,,,,,,,,,,,,
Grover Beach,35.1205,-120.6199,"16,946,607","13,397","1,265","13,686",40,1,3,5,31,320,58,241,21,4,,,,,,,,,,,,,,,,,,,,,
Guadalupe,34.9608,-120.5735,"8,516,278","7,348","1,159","7,365",8,0,2,2,4,71,11,47,13,1,,,,,,,,,,,,,,,,,,,,,
Gustine,37.2545,-120.9948,"6,139,166","5,842","1,051","5,801",38,1,2,2,33,113,31,67,15,3,,,,,,,,,,,,,,,,,,,,,
Hanford,36.326,-119.6539,"59,657,549","55,840","1,068","55,973",266,2,21,44,199,"1,496",222,"1,059",215,7,,,,,,,,,,,,,,,,,,,,,
Hawaiian Gardens,33.8303,-118.0728,"21,030,522","14,926","1,409","14,654",73,2,2,27,42,305,54,169,82,1,,,,,,,,,,,,,,,,,,,,,
Hawthorne,33.9147,-118.3476,"86,548,535","88,003",983,"89,299",654,7,40,298,309,"2,533",442,"1,517",574,8,,,,,,,,,,,,,,,,,,,,,
Hayward,37.6327,-122.0776,"384,574,265","158,985","2,419","161,122",631,13,66,348,204,"4,641",707,"2,308","1,626",20,,,,,,,,,,,,,,,,,,,,,
Healdsburg,38.6229,-122.8651,"91,630,495","11,699","7,832","11,830",14,1,1,3,9,190,35,139,16,0,,,,,,,,,,,,,,,,,,,,,
Hemet,33.7352,-116.9946,"69,425,976","80,070",867,"84,838",614,5,41,170,398,"3,391",764,"2,004",623,12,,,,,,,,,,,,,,,,,,,,,
Hercules,38.0064,-122.2564,"25,013,153","24,791","1,009","25,553",53,1,0,11,41,392,74,266,52,0,,,,,,,,,,,,,,,,,,,,,
Hermosa Beach,33.8654,-118.3966,"52,842,405","19,801","2,669","19,930",47,1,10,14,22,539,85,424,30,1,,,,,,,,,,,,,,,,,,,,,
Hesperia,34.3974,-117.3144,"40,003,459","93,226",429,"93,888",334,3,30,92,209,"1,799",457,994,348,21,,,,,,,,,,,,,,,,,,,,,
Hidden Hills,34.1637,-118.6612,"2,366,746","1,872","1,264","1,938",1,0,1,0,0,16,8,8,0,0,,,,,,,,,,,,,,,,,,,,,
Highland,34.1113,-117.1653,"38,971,381","53,645",726,"55,184",239,3,10,79,147,"1,134",304,532,298,13,,,,,,,,,,,,,,,,,,,,,
Hillsborough,37.5573,-122.3587,"54,044,597","11,687","4,624","11,575",9,0,2,2,5,121,84,36,1,0,,,,,,,,,,,,,,,,,,,,,
Hollister,36.8564,-121.3981,"133,000,690","36,484","3,645","37,953",116,0,12,25,79,396,74,243,79,5,,,,,,,,,,,,,,,,,,,,,
Holtville,32.8129,-115.3779,"10,544,421","6,093","1,731","6,498",12,0,0,1,11,82,28,41,13,2,,,,,,,,,,,,,,,,,,,,,
Hughson,37.6026,-120.8661,"9,769,909","7,150","1,366","7,539",8,0,0,2,6,146,45,86,15,3,,,,,,,,,,,,,,,,,,,,,
Huntington Beach,33.696,-118.0023,"332,045,006","195,212","1,701","204,071",362,2,55,76,229,"4,527",650,"3,466",411,20,,,,,,,,,,,,,,,,,,,,,
Huntington Park,33.98,-118.2167,"49,044,634","59,718",821,"59,692",463,2,28,216,217,"1,988",208,"1,102",678,20,,,,,,,,,,,,,,,,,,,,,
Huron,36.204,-120.0961,"6,406,244","6,914",927,"6,852",54,1,3,8,42,93,43,36,14,7,,,,,,,,,,,,,,,,,,,,,
Imperial,32.8375,-115.5719,"21,114,244","27,434",770,"17,582",7,0,0,1,6,73,7,60,6,0,,,,,,,,,,,,,,,,,,,,,
Imperial Beach,32.5687,-117.1184,"24,320,852","18,165","1,339","27,616",71,1,7,17,46,372,87,172,113,2,,,,,,,,,,,,,,,,,,,,,
Indian Wells,33.7036,-116.3396,"41,686,499","5,412","7,703","5,352",8,0,1,2,5,110,38,68,4,0,,,,,,,,,,,,,,,,,,,,,
Indio,33.7346,-116.2347,"73,580,396","88,058",836,"89,201",437,5,26,88,318,"1,944",400,"1,165",379,5,,,,,,,,,,,,,,,,,,,,,
Industry,34.0175,-117.9268,"524,010,565",441,"1,188,233",204,96,0,8,40,48,"1,175",174,783,218,5,,,,,,,,,,,,,,,,,,,,,
Inglewood,33.9566,-118.3444,"193,638,609","116,648","1,660","112,059",830,16,56,406,352,"2,456",437,"1,229",790,29,,,,,,,,,,,,,,,,,,,,,
Ione,38.3612,-120.9422,"5,136,268","7,085",725,"6,860",4,0,1,0,3,49,6,37,6,0,,,,,,,,,,,,,,,,,,,,,
Irvine,33.6772,-117.7738,"324,126,511","258,386","1,254","266,663",152,3,41,52,56,"3,737",640,"2,918",179,9,,,,,,,,,,,,,,,,,,,,,
Irwindale,34.1121,-117.9637,"25,218,491","1,415","17,822","1,440",18,0,1,6,11,206,41,127,38,1,,,,,,,,,,,,,,,,,,,,,
Isleton,38.1617,-121.6051,"1,050,644",846,"1,242",840,6,0,0,1,5,13,8,5,0,0,,,,,,,,,,,,,,,,,,,,,
Jackson,38.3485,-120.7724,"7,675,331","4,902","1,566","4,649",30,0,1,4,25,156,49,94,13,0,,,,,,,,,,,,,,,,,,,,,
Kerman,36.7249,-120.0625,"12,412,336","14,366",864,"14,654",35,0,4,7,24,374,74,243,57,0,,,,,,,,,,,,,,,,,,,,,
King City,36.2165,-121.133,"9,752,584","14,221",686,"14,111",47,2,4,5,36,236,57,115,64,3,,,,,,,,,,,,,,,,,,,,,
Kingsburg,36.5241,-119.5608,"12,768,463","12,101","1,055","11,905",27,0,3,8,16,346,116,126,104,1,,,,,,,,,,,,,,,,,,,,,
La Canada Flintridge,34.2097,-118.2002,"21,017,184","20,556","1,022","20,659",13,0,0,5,8,303,95,194,14,1,,,,,,,,,,,,,,,,,,,,,
La Habra,33.9278,-117.9513,"82,186,040","62,064","1,324","62,483",102,1,8,35,58,"1,352",237,955,160,2,,,,,,,,,,,,,,,,,,,,,
La Habra Heights,33.9603,-117.9509,"5,183,032","5,459",949,"5,480",4,0,0,2,2,109,37,64,8,1,,,,,,,,,,,,,,,,,,,,,
La Mesa,32.7703,-117.0203,"69,077,816","59,982","1,152","60,681",197,0,21,56,120,"1,669",336,"1,108",225,11,,,,,,,,,,,,,,,,,,,,,
La Mirada,33.9025,-118.0093,"63,396,996","49,639","1,277","49,715",85,1,9,27,48,889,162,606,121,1,,,,,,,,,,,,,,,,,,,,,
La Palma,33.8504,-118.0407,"14,819,766","16,057",923,"15,975",37,0,1,10,26,369,141,196,32,1,,,,,,,,,,,,,,,,,,,,,
La Puente,34.0323,-117.9533,"18,771,930","40,521",463,"40,928",131,1,9,45,76,560,136,260,164,4,,,,,,,,,,,,,,,,,,,,,
La Quinta,33.6537,-116.2785,"59,333,064","39,977","1,484","41,058",86,1,5,34,46,"1,085",167,852,66,3,,,,,,,,,,,,,,,,,,,,,
Lafayette,37.8919,-122.1188,"23,188,271","24,924",930,"26,254",13,0,5,5,3,394,65,288,41,4,,,,,,,,,,,,,,,,,,,,,
Laguna Beach,33.5449,-117.7613,"86,733,605","23,617","3,673","23,486",116,0,15,17,84,646,134,452,60,6,,,,,,,,,,,,,,,,,,,,,
Laguna Hills,33.592,-117.6992,"23,290,066","30,681",759,"32,045",34,0,5,9,20,536,107,381,48,0,,,,,,,,,,,,,,,,,,,,,
Laguna Niguel,33.5275,-117.705,"51,209,396","66,142",774,"66,352",65,0,9,22,34,751,124,567,60,2,,,,,,,,,,,,,,,,,,,,,
Laguna Woods,33.6099,-117.7299,"6,621,681","16,213",408,"16,473",12,0,4,2,6,169,21,139,9,0,,,,,,,,,,,,,,,,,,,,,
Lake Elsinore,33.6847,-117.3346,"44,704,462","61,006",733,"63,907",155,3,10,53,89,"1,865",274,"1,224",367,2,,,,,,,,,,,,,,,,,,,,,
Lake Forest,33.6606,-117.6712,"82,087,051","83,910",978,"83,511",105,0,17,13,75,746,135,533,78,7,,,,,,,,,,,,,,,,,,,,,
Lakeport,39.0392,-122.9218,"8,613,436","4,765","1,808","4,817",47,0,3,14,30,206,50,142,14,0,,,,,,,,,,,,,,,,,,,,,
Lakewood,33.8471,-118.1222,"62,459,487","78,471",796,"81,921",223,2,7,113,101,"2,521",342,"1,872",307,14,,,,,,,,,,,,,,,,,,,,,
Lancaster,34.6934,-118.1753,"129,144,663","157,094",822,"161,963","1,103",7,73,340,683,"3,488","1,059","1,816",613,67,,,,,,,,,,,,,,,,,,,,,
Lawndale,33.8884,-118.3531,"16,672,842","33,496",498,"33,560",194,0,9,71,114,528,93,276,159,1,,,,,,,,,,,,,,,,,,,,,
Lemon Grove,32.7331,-117.0344,"16,202,907","26,611",609,"26,981",139,0,6,56,77,509,106,311,92,4,,,,,,,,,,,,,,,,,,,,,
Lemoore,36.296,-119.7983,"26,000,396","26,199",992,"25,875",98,0,20,10,68,501,111,308,82,7,,,,,,,,,,,,,,,,,,,,,
Lincoln,38.8749,-121.2943,"64,498,150","47,339","1,362","47,206",29,0,5,7,17,541,118,366,57,2,,,,,,,,,,,,,,,,,,,,,
Lindsay,36.2079,-119.0902,"12,500,662","12,960",965,"13,533",72,0,1,7,64,322,80,151,91,5,,,,,,,,,,,,,,,,,,,,,
Livermore,37.6863,-121.7607,"193,839,104","88,138","2,199","89,553",174,1,26,59,88,"2,284",255,"1,739",290,14,,,,,,,,,,,,,,,,,,,,,
Livingston,37.3875,-120.7249,"15,729,627","13,849","1,136","14,076",60,0,5,6,49,372,115,193,64,3,,,,,,,,,,,,,,,,,,,,,
Lodi,38.1218,-121.2933,"166,987,507","63,219","2,641","65,067",351,5,9,84,253,"1,935",438,"1,189",308,4,,,,,,,,,,,,,,,,,,,,,
Loma Linda,34.0448,-117.2504,"52,942,019","24,649","2,148","24,190",34,0,3,12,19,649,103,403,143,4,,,,,,,,,,,,,,,,,,,,,
Lomita,33.7934,-118.3175,"17,690,634","20,290",872,"20,889",69,0,4,27,38,347,73,223,51,0,,,,,,,,,,,,,,,,,,,,,
Lompoc,34.6617,-120.4714,"97,357,938","44,116","2,207","44,541",222,0,27,19,176,977,219,628,130,5,,,,,,,,,,,,,,,,,,,,,
Long Beach,33.8059,-118.161,"1,705,429,000","484,958","3,517","476,476","2,846",33,197,"1,138","1,478","14,224","2,988","8,377","2,859",117,,,,,,,,,,,,,,,,,,,,,
Los Alamitos,33.7972,-118.0594,"17,633,057","11,738","1,502","11,774",13,0,2,4,7,219,73,129,17,0,,,,,,,,,,,,,,,,,,,,,
Los Altos,37.3685,-122.0965,"48,765,263","31,353","1,555","31,000",13,0,3,3,7,343,133,193,17,2,,,,,,,,,,,,,,,,,,,,,
Los Altos Hills,37.3672,-122.1391,"12,123,746","8,658","1,400","8,495",6,0,2,0,4,63,41,22,0,3,,,,,,,,,,,,,,,,,,,,,
Los Angeles,34.114,-118.4068,"17,104,427,703","4,030,904","4,243","4,007,905","28,817",293,"2,343","10,307","15,874","99,151","15,821","64,739","18,591","1,241",,,,,,,,,,,,,,,,,,,,,
Los Banos,37.0631,-120.8405,"44,164,924","39,359","1,122","37,738",121,1,11,35,74,"1,161",253,733,175,4,,,,,,,,,,,,,,,,,,,,,
Los Gatos,37.2307,-121.9564,"38,891,129","31,376","1,240","30,947",21,0,2,6,13,616,139,432,45,3,,,,,,,,,,,,,,,,,,,,,
Lynwood,33.924,-118.2017,"46,109,466","72,505",636,"72,471",469,9,31,197,232,"1,713",245,701,767,17,,,,,,,,,,,,,,,,,,,,,
Madera,36.964,-120.0803,"58,376,910","65,474",892,"64,753",505,3,22,98,382,"1,859",297,"1,262",300,0,,,,,,,,,,,,,,,,,,,,,
Malibu,34.0368,-118.7845,"52,715,081","12,706","4,149","13,030",38,0,6,13,19,402,87,283,32,1,,,,,,,,,,,,,,,,,,,,,
Mammoth Lakes,37.6273,-118.99,"39,076,247","8,024","4,870","7,891",21,1,5,3,12,109,19,79,11,0,,,,,,,,,,,,,,,,,,,,,
Manhattan Beach,33.8895,-118.3972,"100,448,145","35,297","2,846","35,955",53,0,8,32,13,"1,030",191,786,53,8,,,,,,,,,,,,,,,,,,,,,
Manteca,37.7938,-121.2271,"136,830,528","73,841","1,853","77,104",244,0,30,91,123,"2,700",315,"2,020",365,13,,,,,,,,,,,,,,,,,,,,,
Marina,36.6812,-121.7894,"72,461,985","20,982","3,454","21,539",57,0,12,10,35,499,63,390,46,4,,,,,,,,,,,,,,,,,,,,,
Martinez,37.9985,-122.116,"40,491,852","37,057","1,093","38,541",51,0,3,21,27,858,112,422,324,0,,,,,,,,,,,,,,,,,,,,,
Marysville,39.1518,-121.5835,"10,587,192","12,010",882,"12,241",96,1,8,23,64,504,108,295,101,8,,,,,,,,,,,,,,,,,,,,,
Maywood,33.9885,-118.1877,"12,048,026","28,219",427,"27,985",122,0,9,39,74,441,79,195,167,4,,,,,,,,,,,,,,,,,,,,,
McFarland,35.6781,-119.2414,"14,947,682","14,658","1,020","14,263",33,1,2,4,26,207,76,78,53,21,,,,,,,,,,,,,,,,,,,,,
Mendota,36.7555,-120.3777,"7,697,977","11,763",654,"11,481",97,4,7,12,74,150,33,85,32,1,,,,,,,,,,,,,,,,,,,,,
Menifee,33.6909,-117.1849,"44,166,379","89,004",496,"89,114",135,0,8,47,80,"2,119",384,"1,400",335,0,,,,,,,,,,,,,,,,,,,,,
Menlo Park,37.4689,-122.1662,"74,444,839","33,863","2,198","33,726",30,0,10,7,13,623,101,493,29,5,,,,,,,,,,,,,,,,,,,,,
Merced,37.3057,-120.4779,"105,621,501","83,962","1,258","83,106",489,1,35,134,319,"2,774",558,"1,617",599,82,,,,,,,,,,,,,,,,,,,,,
Mill Valley,37.9085,-122.5421,"39,950,413","14,880","2,685","14,491",9,0,1,2,6,223,45,166,12,1,,,,,,,,,,,,,,,,,,,,,
Milpitas,37.4338,-121.8921,"161,941,706","75,521","2,144","79,990",96,1,9,52,34,"1,791",202,"1,320",269,4,,,,,,,,,,,,,,,,,,,,,
Mission Viejo,33.6095,-117.655,"72,308,240","96,701",748,"97,950",75,0,7,25,43,983,160,768,55,14,,,,,,,,,,,,,,,,,,,,,
Modesto,37.6371,-121.003,"324,713,211","211,903","1,532","212,880","2,104",13,103,481,"1,507","9,324","1,421","6,350","1,553",65,,,,,,,,,,,,,,,,,,,,,
Monrovia,34.165,-117.9921,"126,637,624","37,531","3,374","37,637",60,0,8,19,33,832,132,624,76,1,,,,,,,,,,,,,,,,,,,,,
Montague,41.7275,-122.5302,"1,348,404","1,456",926,"1,390",4,0,1,0,3,15,8,6,1,0,,,,,,,,,,,,,,,,,,,,,
Montclair,34.0714,-117.6981,"44,502,648","38,686","1,150","39,085",210,0,32,63,115,"1,713",326,978,409,27,,,,,,,,,,,,,,,,,,,,,
Monte Sereno,37.2405,-121.9881,"3,115,782","3,475",897,"3,591",0,0,0,0,0,28,14,13,1,0,,,,,,,,,,,,,,,,,,,,,
Montebello,34.0155,-118.1107,"103,081,100","63,924","1,613","64,206",214,0,7,114,93,"1,978",823,607,548,46,,,,,,,,,,,,,,,,,,,,,
Monterey,36.5922,-121.8807,"133,966,454","28,610","4,683","28,506",100,1,15,29,55,"1,083",199,816,68,3,,,,,,,,,,,,,,,,,,,,,
Monterey Park,34.0497,-118.1325,"86,106,800","61,346","1,404","61,710",131,1,8,59,63,"1,704",460,998,246,1,,,,,,,,,,,,,,,,,,,,,
Moorpark,34.2855,-118.877,"37,619,588","36,715","1,025","36,423",37,0,12,4,21,296,59,213,24,7,,,,,,,,,,,,,,,,,,,,,
Moraga,37.8438,-122.1225,"13,762,775","16,513",833,"17,505",10,0,1,2,7,143,24,95,24,0,,,,,,,,,,,,,,,,,,,,,
Moreno Valley,33.9244,-117.2045,"173,820,761","205,383",846,"206,224",863,9,17,341,496,"6,118",969,"4,042","1,107",7,,,,,,,,,,,,,,,,,,,,,
Morgan Hill,37.1324,-121.641,"92,720,766","43,645","2,124","44,015",82,0,3,21,58,642,111,418,113,1,,,,,,,,,,,,,,,,,,,,,
Morro Bay,35.3681,-120.8481,"27,628,717","10,722","2,577","10,719",17,2,0,3,12,204,52,136,16,2,,,,,,,,,,,,,,,,,,,,,
Mount Shasta,41.3206,-122.315,"10,734,282","77,925",138,"3,277",10,0,1,0,9,96,22,63,11,1,,,,,,,,,,,,,,,,,,,,,
Mountain View,37.4001,-122.0796,"247,667,000","3,367","73,557","81,726",132,0,9,29,94,"1,776",280,"1,377",119,5,,,,,,,,,,,,,,,,,,,,,
Murrieta,33.572,-117.1909,"58,338,674","113,795",513,"111,043",49,0,8,17,24,"1,603",280,"1,115",208,9,,,,,,,,,,,,,,,,,,,,,
Napa,38.2982,-122.3011,"217,089,340","80,576","2,694","81,115",296,1,38,47,210,"1,579",437,"1,013",129,5,,,,,,,,,,,,,,,,,,,,,
National City,32.6654,-117.0983,"96,350,090","60,768","1,586","61,550",267,3,13,108,143,"1,376",182,734,460,5,,,,,,,,,,,,,,,,,,,,,
Needles,34.816,-114.6192,"5,491,173","5,035","1,091","5,010",47,0,3,6,38,161,67,77,17,1,,,,,,,,,,,,,,,,,,,,,
Nevada City,39.2608,-121.0231,"9,166,851","3,260","2,812","3,167",9,0,1,1,7,108,21,73,14,4,,,,,,,,,,,,,,,,,,,,,
Newark,37.5204,-122.0312,"64,404,951","44,733","1,440","45,893",108,1,15,45,47,"1,186",237,710,239,1,,,,,,,,,,,,,,,,,,,,,
Newman,37.3156,-121.0208,"10,275,882","10,840",948,"11,037",32,0,1,4,27,150,34,74,42,1,,,,,,,,,,,,,,,,,,,,,
Newport Beach,33.6151,-117.8669,"259,706,253","84,270","3,082","87,482",110,1,34,17,58,"2,241",437,"1,644",160,4,,,,,,,,,,,,,,,,,,,,,
Norco,33.9253,-117.55,"41,509,753","26,896","1,543","26,132",51,0,3,16,32,772,164,482,126,1,,,,,,,,,,,,,,,,,,,,,
Norwalk,33.9069,-118.0829,"96,194,767","105,292",914,"107,453",419,7,18,139,255,"1,963",372,"1,125",466,15,,,,,,,,,,,,,,,,,,,,,
Novato,38.092,-122.5576,"51,877,876","54,749",948,"56,263",80,0,9,15,56,"1,038",186,716,136,8,,,,,,,,,,,,,,,,,,,,,
Oakdale,37.762,-120.8463,"27,755,282","22,348","1,242","22,572",54,0,10,11,33,688,127,482,79,3,,,,,,,,,,,,,,,,,,,,,
Oakland,37.7903,-122.2165,"1,543,150,656","422,856","3,649","424,998","6,059",85,277,"3,076","2,621","23,952","2,900","14,153","6,899",191,,,,,,,,,,,,,,,,,,,,,
Oakley,37.9929,-121.6951,"31,396,417","40,141",782,"40,695",55,0,6,24,25,419,77,221,121,1,,,,,,,,,,,,,,,,,,,,,
Oceanside,33.2247,-117.3083,"357,356,109","175,948","2,031","177,340",639,8,56,172,403,"4,364",607,"3,276",481,14,,,,,,,,,,,,,,,,,,,,,
Ojai,34.4487,-119.2469,"11,119,660","7,477","1,487","7,658",10,0,3,1,6,63,14,44,5,0,,,,,,,,,,,,,,,,,,,,,
Ontario,34.0393,-117.6064,"388,148,393","169,869","2,285","172,606",602,8,32,227,335,"4,718",885,"2,764","1,069",25,,,,,,,,,,,,,,,,,,,,,
Orange,33.8038,-117.8219,"160,276,908","141,420","1,133","141,841",228,1,25,57,145,"2,608",464,"1,783",361,9,,,,,,,,,,,,,,,,,,,,,
Orange Cove,36.6211,-119.3188,"11,011,540","9,220","1,194","9,706",39,1,1,3,34,153,30,67,56,3,,,,,,,,,,,,,,,,,,,,,
Orinda,37.8808,-122.179,"27,456,245","18,749","1,464","19,585",10,0,0,4,6,156,35,110,11,0,,,,,,,,,,,,,,,,,,,,,
Orland,39.7461,-122.185,"7,878,276","7,676","1,026","7,587",27,0,5,5,17,145,30,96,19,1,,,,,,,,,,,,,,,,,,,,,
Oroville,39.5,-121.5647,"24,016,006","17,996","1,335","16,322",141,0,15,43,83,"1,330",282,866,182,10,,,,,,,,,,,,,,,,,,,,,
Oxnard,34.1961,-119.1821,"313,279,579","206,997","1,513","209,048",948,12,69,429,438,"6,073",978,"4,309",786,40,,,,,,,,,,,,,,,,,,,,,
Pacific Grove,36.6192,-121.9255,"28,294,602","15,352","1,843","15,795",9,0,5,2,2,318,47,249,22,2,,,,,,,,,,,,,,,,,,,,,
Pacifica,37.6112,-122.4781,"53,407,419","37,806","1,413","39,650",65,0,15,11,39,492,89,363,40,3,,,,,,,,,,,,,,,,,,,,,
Palm Desert,33.7378,-116.3696,"107,789,584","49,335","2,185","52,528",77,1,2,26,48,"2,144",380,"1,586",178,2,,,,,,,,,,,,,,,,,,,,,
Palm Springs,33.8012,-116.538,"175,907,293","46,654","3,770","47,909",275,2,28,67,178,"2,754",746,"1,669",339,7,,,,,,,,,,,,,,,,,,,,,
Palmdale,34.5945,-118.1058,"121,099,608","160,072",757,"159,441",697,8,45,222,422,"2,728",646,"1,660",422,34,,,,,,,,,,,,,,,,,,,,,
Palo Alto,37.3917,-122.1465,"482,352,538","68,207","7,072","67,317",73,1,9,28,35,"1,436",215,"1,159",62,8,,,,,,,,,,,,,,,,,,,,,
Palos Verdes Estates,33.7871,-118.3976,"19,129,081","13,712","1,395","13,730",4,0,0,1,3,111,28,76,7,1,,,,,,,,,,,,,,,,,,,,,
Paradise,39.7558,-121.6063,"18,932,010","25,405",745,"26,532",45,1,7,8,29,502,250,178,74,3,,,,,,,,,,,,,,,,,,,,,
Paramount,33.8976,-118.1651,"42,492,021","56,400",753,"55,673",313,4,18,150,141,"1,744",226,"1,125",393,17,,,,,,,,,,,,,,,,,,,,,
Parlier,36.6082,-119.5436,"11,843,791","15,395",769,"15,262",103,0,11,13,79,256,75,100,81,7,,,,,,,,,,,,,,,,,,,,,
Pasadena,34.1598,-118.1389,"736,236,374","141,023","5,221","143,288",477,2,46,164,265,"3,446",861,"2,261",324,66,,,,,,,,,,,,,,,,,,,,,
Patterson,37.4734,-121.144,"26,773,426","22,590","1,185","21,716",60,1,4,18,37,488,85,297,106,2,,,,,,,,,,,,,,,,,,,,,
Perris,33.7897,-117.2233,"72,815,359","73,722",988,"76,260",225,2,4,91,128,"2,158",344,"1,264",550,1,,,,,,,,,,,,,,,,,,,,,
Petaluma,38.2423,-122.6267,"114,674,862","60,375","1,899","60,933",200,1,29,22,148,"1,108",194,842,72,4,,,,,,,,,,,,,,,,,,,,,
Pico Rivera,33.9902,-118.0888,"56,277,173","64,272",876,"64,469",220,2,12,72,134,"1,621",328,836,457,6,,,,,,,,,,,,,,,,,,,,,
Piedmont,37.8226,-122.2301,"31,879,405","11,219","2,842","11,515",32,0,5,17,10,200,66,109,25,0,,,,,,,,,,,,,,,,,,,,,
Pinole,37.9931,-122.2834,"30,910,711","18,739","1,650","19,451",61,0,4,31,26,892,76,731,85,6,,,,,,,,,,,,,,,,,,,,,
Pismo Beach,35.1492,-120.6506,"34,740,256","8,181","4,246","8,264",12,0,4,6,2,513,80,410,23,0,,,,,,,,,,,,,,,,,,,,,
Pittsburg,38.019,-121.897,"98,340,311","67,817","1,450","70,663",278,7,42,116,113,"1,975",339,961,675,26,,,,,,,,,,,,,,,,,,,,,
Placentia,33.8807,-117.8553,"43,588,043","52,263",834,"52,800",77,1,2,23,51,790,203,505,82,3,,,,,,,,,,,,,,,,,,,,,
Placerville,38.7309,-120.7979,"21,262,635","10,702","1,987","10,705",27,0,6,9,12,370,76,262,32,3,,,,,,,,,,,,,,,,,,,,,
Pleasant Hill,37.954,-122.0759,"30,324,642","34,077",890,"35,140",79,0,3,43,33,"1,510",146,"1,179",185,4,,,,,,,,,,,,,,,,,,,,,
Pleasanton,37.666,-121.8805,"181,481,989","74,982","2,420","81,464",100,0,12,44,44,"1,604",208,"1,260",136,2,,,,,,,,,,,,,,,,,,,,,
Pomona,34.0585,-117.7625,"179,228,462","155,604","1,152","154,109",767,13,68,295,391,"4,676",853,"2,640","1,183",33,,,,,,,,,,,,,,,,,,,,,
Port Hueneme,34.1617,-119.2036,"36,407,635","22,702","1,604","22,570",65,1,6,30,28,399,79,264,56,2,,,,,,,,,,,,,,,,,,,,,
Porterville,36.0636,-119.0332,"63,459,447","60,070","1,056","56,421",215,0,16,52,147,"1,315",280,771,264,0,,,,,,,,,,,,,,,,,,,,,
Poway,32.9872,-117.0201,"84,968,718","50,103","1,696","50,606",65,0,8,14,43,455,93,329,33,2,,,,,,,,,,,,,,,,,,,,,
Rancho Cordova,38.5739,-121.2521,"83,274,749","72,203","1,153","72,265",245,1,17,74,153,"1,435",305,998,132,2,,,,,,,,,,,,,,,,,,,,,
Rancho Cucamonga,34.1246,-117.5662,"148,552,932","175,251",848,"177,089",266,1,43,86,136,"3,991",974,"2,563",454,11,,,,,,,,,,,,,,,,,,,,,
Rancho Mirage,33.7625,-116.4273,"48,342,535","18,070","2,675","18,243",23,0,0,3,20,701,174,462,65,0,,,,,,,,,,,,,,,,,,,,,
Rancho Palos Verdes,33.7554,-118.3636,"36,223,048","43,041",842,"42,947",27,0,7,6,14,417,118,266,33,0,,,,,,,,,,,,,,,,,,,,,
Rancho Santa Margarita,33.6318,-117.5989,"19,528,355","48,516",403,"49,606",48,0,2,10,36,267,45,206,16,2,,,,,,,,,,,,,,,,,,,,,
Red Bluff,40.1734,-122.2414,"16,768,098","14,048","1,194","14,138",159,0,20,35,104,"1,097",260,719,118,8,,,,,,,,,,,,,,,,,,,,,
Redding,40.5698,-122.365,"364,959,219","90,230","4,045","91,918",720,5,84,143,488,"3,837",710,"2,608",519,7,,,,,,,,,,,,,,,,,,,,,
Redlands,34.0512,-117.171,"121,981,399","68,368","1,784","71,485",225,0,37,76,112,"2,913",501,"2,014",398,14,,,,,,,,,,,,,,,,,,,,,
Redondo Beach,33.8574,-118.3766,"127,202,014","69,494","1,830","68,447",160,1,8,58,93,"1,742",428,"1,154",160,1,,,,,,,,,,,,,,,,,,,,,
Redwood City,37.5026,-122.2251,"235,973,050","85,992","2,744","87,046",164,0,43,44,77,"1,503",260,"1,087",156,7,,,,,,,,,,,,,,,,,,,,,
Reedley,36.5988,-119.4473,"29,931,448","25,999","1,151","25,828",190,0,10,19,161,499,154,265,80,6,,,,,,,,,,,,,,,,,,,,,
Rialto,34.1128,-117.3885,"128,194,519","107,330","1,194","103,893",451,4,22,159,266,"1,887",555,603,729,2,,,,,,,,,,,,,,,,,,,,,
Richmond,37.9477,-122.339,"278,414,337","110,378","2,522","110,868","1,019",21,72,364,562,"3,785",645,"1,907","1,233",33,,,,,,,,,,,,,,,,,,,,,
Ridgecrest,35.631,-117.6619,"24,360,761","28,064",868,"29,003",149,0,24,21,104,565,176,317,72,8,,,,,,,,,,,,,,,,,,,,,
Rio Dell,40.5024,-124.1105,"3,764,192","3,416","1,102","3,390",7,0,0,1,6,40,9,22,9,0,,,,,,,,,,,,,,,,,,,,,
Rio Vista,38.1762,-121.7034,"17,216,778","8,601","2,002","8,554",32,0,1,2,29,99,24,58,17,0,,,,,,,,,,,,,,,,,,,,,
Ripon,37.7415,-121.1305,"18,437,254","14,724","1,252","15,318",12,0,2,9,1,267,22,225,20,0,,,,,,,,,,,,,,,,,,,,,
Riverbank,37.7269,-120.9406,"18,392,989","23,913",769,"24,401",55,1,3,26,25,615,83,437,95,1,,,,,,,,,,,,,,,,,,,,,
Riverside,33.9382,-117.3949,"846,372,157","324,696","2,607","325,896","1,724",10,141,586,987,"11,266","1,977","7,355","1,934",57,,,,,,,,,,,,,,,,,,,,,
Rocklin,38.8078,-121.2491,"70,700,278","60,351","1,171","62,006",65,1,19,14,31,"1,202",210,895,97,5,,,,,,,,,,,,,,,,,,,,,
Rohnert Park,38.348,-122.6964,"75,535,841","42,003","1,798","42,723",204,0,31,20,153,743,117,538,88,4,,,,,,,,,,,,,,,,,,,,,
Rolling Hills,33.76,-118.3471,"2,991,303","1,943","1,540","1,899",0,0,0,0,0,11,3,8,0,1,,,,,,,,,,,,,,,,,,,,,
Rolling Hills Estates,33.7783,-118.3508,"11,060,688","8,028","1,378","8,297",11,0,0,8,3,126,33,88,5,0,,,,,,,,,,,,,,,,,,,,,
Rosemead,34.0688,-118.0823,"29,195,033","55,231",529,"55,129",167,1,9,73,84,"1,249",308,714,227,9,,,,,,,,,,,,,,,,,,,,,
Roseville,38.7683,-121.3164,"494,592,365","134,073","3,689","132,566",199,0,21,95,83,"3,316",393,"2,596",327,16,,,,,,,,,,,,,,,,,,,,,
Ross,37.9638,-122.5615,"9,264,391","2,527","3,666","2,492",1,0,1,0,0,25,11,13,1,0,,,,,,,,,,,,,,,,,,,,,
Sacramento,38.5666,-121.4683,"1,547,476,977","485,683","3,186","495,471","3,549",41,88,"1,136","2,284","15,283","3,070","9,389","2,824",173,,,,,,,,,,,,,,,,,,,,,
Salinas,36.6881,-121.6316,"155,713,855","161,042",967,"158,729","1,005",35,86,325,559,"4,742",695,"2,484","1,563",11,,,,,,,,,,,,,,,,,,,,,
San Bernardino,34.1412,-117.2936,"263,008,953","215,491","1,221","217,303","2,878",62,123,903,"1,790","9,178","2,353","4,228","2,597",70,,,,,,,,,,,,,,,,,,,,,
San Bruno,37.6254,-122.4313,"87,383,616","45,360","1,926","43,613",109,0,16,47,46,"1,106",141,857,108,1,,,,,,,,,,,,,,,,,,,,,
San Clemente,33.4498,-117.6103,"101,985,680","66,245","1,540","65,915",75,0,10,21,44,799,184,547,68,4,,,,,,,,,,,,,,,,,,,,,
San Diego,32.8312,-117.1225,"3,086,313,984","1,391,676","2,218","1,413,414","5,332",50,572,"1,387","3,323","28,624","4,743","18,042","5,839",239,,,,,,,,,,,,,,,,,,,,,
San Dimas,34.1082,-117.8089,"29,647,291","34,144",868,"34,884",82,0,15,24,43,764,188,491,85,2,,,,,,,,,,,,,,,,,,,,,
San Fernando,34.2886,-118.4363,"35,805,917","24,533","1,460","25,194",132,1,8,38,85,450,90,240,120,3,,,,,,,,,,,,,,,,,,,,,
San Francisco,37.7561,-122.4429,"10,985,824,991","866,583","12,677","871,155","6,190",57,342,"3,175","2,616","47,402","4,978","36,991","5,433",255,,,,,,,,,,,,,,,,,,,,,
San Gabriel,34.0948,-118.099,"49,338,649","40,424","1,221","40,580",98,0,6,38,54,655,224,374,57,3,,,,,,,,,,,,,,,,,,,,,
San Jacinto,33.797,-116.9915,"33,784,219","47,656",709,"47,475",128,4,1,67,56,"1,673",348,"1,044",281,5,,,,,,,,,,,,,,,,,,,,,
San Jose,37.302,-121.8488,"1,875,144,476","1,042,094","1,799","1,041,844","3,887",47,451,"1,214","2,175","24,749","4,260","12,786","7,703",137,,,,,,,,,,,,,,,,,,,,,
San Juan Capistrano,33.5009,-117.6544,"58,563,759","36,085","1,623","36,798",87,1,9,15,62,436,108,275,53,7,,,,,,,,,,,,,,,,,,,,,
San Leandro,37.7071,-122.1601,"146,866,861","87,700","1,675","91,870",487,3,31,280,173,"3,530",499,"2,070",961,23,,,,,,,,,,,,,,,,,,,,,
San Luis Obispo,35.2671,-120.6689,"131,626,162","46,117","2,854","47,774",178,0,39,21,118,"2,076",251,"1,730",95,26,,,,,,,,,,,,,,,,,,,,,
San Marcos,33.135,-117.1743,"97,653,852","93,295","1,047","94,840",197,0,13,42,142,"1,145",211,783,151,3,,,,,,,,,,,,,,,,,,,,,
San Marino,34.1224,-118.1132,"27,560,963","13,566","2,032","13,528",15,0,1,7,7,261,106,148,7,0,,,,,,,,,,,,,,,,,,,,,
San Mateo,37.5522,-122.3122,"218,576,427","102,659","2,129","104,802",242,1,18,44,179,"2,141",732,"1,194",215,4,,,,,,,,,,,,,,,,,,,,,
San Pablo,37.9629,-122.3425,"55,467,793","30,829","1,799","30,674",213,2,22,90,99,"1,214",213,576,425,11,,,,,,,,,,,,,,,,,,,,,
San Rafael,37.9905,-122.5222,"105,839,806","60,582","1,747","59,435",249,0,28,111,110,"1,713",255,"1,186",272,12,,,,,,,,,,,,,,,,,,,,,
San Ramon,37.7625,-121.9366,"98,957,229","78,363","1,263","76,901",39,0,9,12,18,823,140,616,67,2,,,,,,,,,,,,,,,,,,,,,
Sand City,36.6189,-121.8478,"7,149,463",381,"18,765",391,7,0,0,4,3,140,5,129,6,0,,,,,,,,,,,,,,,,,,,,,
Sanger,36.6993,-119.5575,"29,950,664","26,024","1,151","25,078",126,3,9,17,97,564,161,315,88,1,,,,,,,,,,,,,,,,,,,,,
Santa Ana,33.7366,-117.8819,"402,650,658","342,930","1,174","337,419","1,612",23,142,511,936,"6,980","1,119","3,913","1,948",42,,,,,,,,,,,,,,,,,,,,,
Santa Barbara,34.4285,-119.7202,"347,814,107","93,190","3,732","92,519",397,0,87,82,228,"3,060",433,"2,428",199,20,,,,,,,,,,,,,,,,,,,,,
Santa Clara,37.3646,-121.9679,"744,300,212","123,752","6,014","128,179",159,3,17,58,81,"2,814",362,"2,039",413,7,,,,,,,,,,,,,,,,,,,,,
Santa Clarita,34.4119,-118.5036,"217,628,261","219,611",991,"219,611",331,2,45,122,162,"3,005",650,"1,942",413,17,,,,,,,,,,,,,,,,,,,,,
Santa Cruz,36.9788,-122.0346,"175,418,155","64,632","2,714","64,969",521,4,45,106,366,"3,610",354,"2,874",382,11,,,,,,,,,,,,,,,,,,,,,
Santa Fe Springs,33.933,-118.0625,"59,406,896","18,459","3,218","18,401",112,3,8,36,65,"1,184",168,836,180,4,,,,,,,,,,,,,,,,,,,,,
Santa Maria,34.9334,-120.4433,"160,489,516","104,404","1,537","106,200",506,9,45,168,284,"2,638",521,"1,452",665,14,,,,,,,,,,,,,,,,,,,,,
Santa Monica,34.0232,-118.4813,"641,275,845","93,640","6,848","93,921",475,2,40,189,244,"4,039",623,"3,180",236,17,,,,,,,,,,,,,,,,,,,,,
Santa Paula,34.3521,-119.0698,"18,297,399","30,752",595,"30,784",80,2,9,26,43,343,76,218,49,3,,,,,,,,,,,,,,,,,,,,,
Santa Rosa,38.4465,-122.7059,"328,011,212","175,667","1,867","176,383",658,5,94,121,438,"3,010",516,"2,087",407,19,,,,,,,,,,,,,,,,,,,,,
Santee,32.8555,-116.9848,"54,583,555","56,757",962,"58,651",112,2,7,21,82,915,137,681,97,3,,,,,,,,,,,,,,,,,,,,,
Saratoga,37.2685,-122.0254,"24,642,602","30,219",815,"31,152",28,0,4,6,18,286,159,120,7,3,,,,,,,,,,,,,,,,,,,,,
Sausalito,37.8581,-122.4932,"29,533,116","7,217","4,092","7,198",4,0,0,0,4,247,33,202,12,1,,,,,,,,,,,,,,,,,,,,,
Scotts Valley,37.0555,-122.0118,"14,437,032","12,143","1,189","12,016",16,0,4,1,11,255,84,161,10,2,,,,,,,,,,,,,,,,,,,,,
Seal Beach,33.7542,-118.0714,"39,301,280","25,078","1,567","24,721",28,1,1,4,22,546,80,425,41,1,,,,,,,,,,,,,,,,,,,,,
Seaside,36.6224,-121.8191,"32,511,149","34,071",954,"34,827",128,2,10,29,87,607,87,421,99,0,,,,,,,,,,,,,,,,,,,,,
Sebastopol,38.4001,-122.8277,"15,237,672","7,527","2,024","7,734",19,0,4,1,14,135,36,83,16,2,,,,,,,,,,,,,,,,,,,,,
Selma,36.5743,-119.6156,"24,942,663","24,844","1,004","24,641",298,1,18,28,251,827,197,447,183,3,,,,,,,,,,,,,,,,,,,,,
Shafter,35.478,-119.1992,"52,043,002","18,048","2,884","18,608",42,1,7,6,28,567,174,249,144,8,,,,,,,,,,,,,,,,,,,,,
Sierra Madre,34.1687,-118.0504,"17,268,605","11,013","1,568","11,212",25,0,3,3,19,114,47,59,8,0,,,,,,,,,,,,,,,,,,,,,
Signal Hill,33.8029,-118.1681,"43,090,908","11,673","3,692","11,677",69,0,9,29,31,856,103,640,113,2,,,,,,,,,,,,,,,,,,,,,
Simi Valley,34.2663,-118.749,"103,016,687","127,167",810,"127,252",174,2,28,39,105,"1,566",334,"1,127",105,10,,,,,,,,,,,,,,,,,,,,,
Solana Beach,32.9946,-117.2575,"26,910,872","13,494","1,994","13,561",16,0,1,3,12,224,61,141,22,0,,,,,,,,,,,,,,,,,,,,,
Soledad,36.4434,-121.3432,"19,979,825","25,556",782,"24,805",76,1,7,14,54,212,40,92,80,0,,,,,,,,,,,,,,,,,,,,,
Solvang,34.5936,-120.1401,"16,586,584","5,451","3,043","5,844",13,0,2,1,10,79,18,61,0,0,,,,,,,,,,,,,,,,,,,,,
Sonoma,38.2902,-122.4598,"21,835,968","10,865","2,010","11,113",37,0,6,4,27,194,36,150,8,4,,,,,,,,,,,,,,,,,,,,,
Sonora,37.9819,-120.3828,"8,299,416","4,892","1,697","4,802",28,0,9,6,13,370,86,263,21,6,,,,,,,,,,,,,,,,,,,,,
South El Monte,34.0493,-118.0484,"18,926,498","20,814",909,"21,032",109,2,6,44,57,580,152,273,155,6,,,,,,,,,,,,,,,,,,,,,
South Gate,33.9448,-118.1926,"81,503,671","99,578",818,"96,791",660,5,29,250,376,"3,435",507,"1,929",999,8,,,,,,,,,,,,,,,,,,,,,
South Lake Tahoe,38.9393,-119.9828,"55,620,598","20,807","2,673","21,765",71,1,12,23,35,430,90,297,43,0,,,,,,,,,,,,,,,,,,,,,
South Pasadena,34.1103,-118.1573,"45,399,775","26,028","1,744","26,256",27,0,7,10,10,667,162,447,58,4,,,,,,,,,,,,,,,,,,,,,
South San Francisco,37.6537,-122.4197,"137,248,748","64,585","2,125","67,995",149,1,25,43,80,"1,416",307,902,207,6,,,,,,,,,,,,,,,,,,,,,
Stanton,33.8002,-117.9935,"34,143,713","39,751",859,"39,066",131,0,14,56,61,734,120,469,145,6,,,,,,,,,,,,,,,,,,,,,
Stockton,37.9766,-121.3111,"425,050,447","315,592","1,347","308,348","4,381",49,128,"1,185","3,019","11,634","2,251","7,550","1,833",81,,,,,,,,,,,,,,,,,,,,,
Suisun,38.2471,-122.0086,"20,141,745","29,091",692,"29,768",80,0,16,23,41,654,79,495,80,5,,,,,,,,,,,,,,,,,,,,,
Sunnyvale,37.3846,-122.0261,"396,749,744","148,372","2,674","154,108",158,1,21,53,83,"2,140",520,"1,347",273,16,,,,,,,,,,,,,,,,,,,,,
Susanville,40.4206,-120.6129,"14,510,342","14,614",993,"14,798",181,0,9,11,161,282,68,193,21,4,,,,,,,,,,,,,,,,,,,,,
Sutter Creek,38.3827,-120.8112,"4,046,935","2,588","1,564","2,484",5,0,0,1,4,55,15,35,5,1,,,,,,,,,,,,,,,,,,,,,
Taft,35.1267,-119.4242,"8,493,016","9,405",903,"9,543",73,0,3,6,64,355,80,249,26,0,,,,,,,,,,,,,,,,,,,,,
Tehachapi,35.127,-118.4751,"17,448,194","12,217","1,428","12,770",52,0,6,8,38,273,89,161,23,1,,,,,,,,,,,,,,,,,,,,,
Temecula,33.4928,-117.1315,"83,237,964","109,064",763,"114,381",145,2,4,55,84,"2,587",341,"1,940",306,3,,,,,,,,,,,,,,,,,,,,,
Temple City,34.1022,-118.0579,"18,665,393","36,534",511,"36,527",49,1,5,15,28,580,264,278,38,2,,,,,,,,,,,,,,,,,,,,,
Thousand Oaks,34.1914,-118.8755,"176,292,958","132,365","1,332","129,853",164,0,30,33,101,"1,686",272,"1,302",112,10,,,,,,,,,,,,,,,,,,,,,
Tiburon,37.8853,-122.4636,"10,957,295","9,503","1,153","9,263",4,0,2,0,2,83,18,61,4,0,,,,,,,,,,,,,,,,,,,,,
Torrance,33.8346,-118.3417,"310,344,576","147,175","2,109","149,078",258,1,28,119,110,"3,221",458,"2,326",437,5,,,,,,,,,,,,,,,,,,,,,
Tracy,37.7254,-121.4447,"172,612,813","89,208","1,935","87,844",151,0,17,62,72,"1,899",245,"1,348",306,12,,,,,,,,,,,,,,,,,,,,,
Truckee,39.3455,-120.1848,"52,525,811","15,370","3,417","16,326",25,0,2,2,21,187,42,121,24,3,,,,,,,,,,,,,,,,,,,,,
Tulare,36.1996,-119.34,"148,626,006","63,515","2,340","62,902",224,6,13,57,148,"1,764",292,"1,110",362,0,,,,,,,,,,,,,,,,,,,,,
Tulelake,41.9533,-121.4751,"4,179,728","1,010","4,138",990,1,0,0,0,1,10,4,5,1,0,,,,,,,,,,,,,,,,,,,,,
Turlock,37.5053,-120.8588,"91,368,796","72,050","1,268","73,031",384,7,23,93,261,"2,503",474,"1,495",534,15,,,,,,,,,,,,,,,,,,,,,
Tustin,33.7309,-117.8106,"125,157,380","82,717","1,513","81,642",120,2,13,34,71,"1,806",229,"1,412",165,0,,,,,,,,,,,,,,,,,,,,,
Twentynine Palms,34.1484,-116.0655,"10,340,762","26,138",396,"26,213",92,0,8,15,69,364,148,167,49,5,,,,,,,,,,,,,,,,,,,,,
Ukiah,39.1461,-123.2101,"53,305,267","16,186","3,293","15,897",150,0,15,29,106,431,107,284,40,2,,,,,,,,,,,,,,,,,,,,,
Union City,37.603,-122.0187,"111,670,744","72,952","1,531","75,501",281,1,12,111,157,"1,897",298,"1,258",341,11,,,,,,,,,,,,,,,,,,,,,
Upland,34.1178,-117.6603,"94,421,861","75,774","1,246","76,956",243,1,18,96,128,"2,301",673,"1,285",343,11,,,,,,,,,,,,,,,,,,,,,
Vacaville,38.3592,-121.9686,"199,976,223","97,667","2,048","97,671",207,0,11,76,120,"2,057",189,"1,690",178,7,,,,,,,,,,,,,,,,,,,,,
Vallejo,38.1134,-122.2359,"185,537,358","117,322","1,581","122,293","1,053",15,111,353,574,"4,810","2,366","1,321","1,123",73,,,,,,,,,,,,,,,,,,,,,
Vernon,34.0019,-118.2106,"365,179,120",210,"1,738,948",114,28,1,1,18,8,376,44,207,125,4,,,,,,,,,,,,,,,,,,,,,
Victorville,34.5277,-117.3537,"128,364,383","123,510","1,039","123,438",748,7,46,224,471,"3,528",953,"2,002",573,25,,,,,,,,,,,,,,,,,,,,,
Villa Park,33.818,-117.8104,"4,318,330","5,948",726,"5,991",4,0,1,1,2,82,22,57,3,0,,,,,,,,,,,,,,,,,,,,,
Visalia,36.3271,-119.3265,"233,729,494","130,231","1,795","131,186",480,8,68,120,284,"4,196",998,"2,561",637,11,,,,,,,,,,,,,,,,,,,,,
Vista,33.1895,-117.2386,"127,239,317","98,896","1,287","102,307",372,2,41,99,230,"1,615",351,989,275,8,,,,,,,,,,,,,,,,,,,,,
Walnut,34.0334,-117.8593,"18,987,710","30,152",630,"30,447",25,2,2,7,14,516,285,200,31,3,,,,,,,,,,,,,,,,,,,,,
Walnut Creek,37.9025,-122.0398,"108,690,860","70,018","1,552","69,860",78,1,1,30,46,"2,120",275,"1,611",234,4,,,,,,,,,,,,,,,,,,,,,
Waterford,37.643,-120.7553,"7,567,433","8,788",861,"8,897",12,0,2,0,10,125,27,75,23,0,,,,,,,,,,,,,,,,,,,,,
Watsonville,36.9206,-121.7706,"95,170,420","52,891","1,799","54,110",238,0,26,46,166,"1,738",214,"1,018",506,8,,,,,,,,,,,,,,,,,,,,,
Weed,41.4127,-122.3815,"6,679,574","2,769","2,412","2,479",23,0,1,5,17,99,13,78,8,0,,,,,,,,,,,,,,,,,,,,,
West Covina,34.0555,-117.9112,"82,156,793","107,873",762,"108,950",265,4,18,110,133,"2,811",519,"1,794",498,10,,,,,,,,,,,,,,,,,,,,,
West Hollywood,34.0883,-118.3718,"214,381,292","35,923","5,968","36,594",275,2,26,119,128,"1,601",241,"1,217",143,9,,,,,,,,,,,,,,,,,,,,,
West Sacramento,38.5556,-121.5504,"124,636,088","53,082","2,348","53,532",233,0,17,95,121,"1,219",191,856,172,21,,,,,,,,,,,,,,,,,,,,,
Westlake Village,34.1458,-118.8056,"33,515,372","8,384","3,998","8,547",16,0,4,2,10,204,37,161,6,1,,,,,,,,,,,,,,,,,,,,,
Westminster,33.7523,-117.9938,"71,191,518","94,073",757,"92,582",309,2,31,96,180,"2,720",529,"1,854",337,7,,,,,,,,,,,,,,,,,,,,,
Westmorland,33.0389,-115.6223,"2,682,803","2,256","1,189","2,275",2,0,0,0,2,9,4,3,2,0,,,,,,,,,,,,,,,,,,,,,
Wheatland,39.0073,-121.4283,"3,865,435","3,519","1,098","3,775",12,0,0,0,12,48,13,28,7,1,,,,,,,,,,,,,,,,,,,,,
Whittier,33.9678,-118.0188,"88,315,452","88,341","1,000","87,860",258,2,21,97,138,"2,790",467,"1,933",390,7,,,,,,,,,,,,,,,,,,,,,
Wildomar,33.6173,-117.2582,"14,296,140","35,168",407,"36,310",49,0,5,9,35,655,129,391,135,2,,,,,,,,,,,,,,,,,,,,,
Williams,39.1489,-122.1373,"10,923,109","5,413","2,018","5,208",6,0,2,0,4,61,17,40,4,0,,,,,,,,,,,,,,,,,,,,,
Willits,39.405,-123.3494,"12,358,144","4,879","2,533","4,856",66,0,3,4,59,54,10,22,22,0,,,,,,,,,,,,,,,,,,,,,
Willows,39.5147,-122.1992,"6,731,298","6,213","1,083","6,053",42,0,2,5,35,222,32,170,20,7,,,,,,,,,,,,,,,,,,,,,
Windsor,38.5417,-122.8086,"19,293,266","27,031",714,"27,594",84,0,14,7,63,311,49,246,16,1,,,,,,,,,,,,,,,,,,,,,
Winters,38.532,-121.9781,"12,324,001","7,214","1,708","7,120",12,0,0,3,9,98,18,66,14,3,,,,,,,,,,,,,,,,,,,,,
Woodlake,36.4124,-119.0998,"11,746,854","7,648","1,536","7,727",25,0,2,3,20,99,23,67,9,3,,,,,,,,,,,,,,,,,,,,,
Woodland,38.6712,-121.75,"107,784,365","57,526","1,874","59,190",218,3,14,54,147,"1,522",221,"1,037",264,17,,,,,,,,,,,,,,,,,,,,,
Yorba Linda,33.889,-117.7714,"58,933,752","67,637",871,"68,702",41,0,11,6,24,725,150,514,61,0,,,,,,,,,,,,,,,,,,,,,
Yountville,38.3956,-122.3669,"17,948,151","2,987","6,009","3,030",4,0,0,0,4,47,16,28,3,0,,,,,,,,,,,,,,,,,,,,,
Yreka,41.7292,-122.6312,"16,129,756","7,832","2,059","7,559",54,1,2,3,48,268,74,152,42,3,,,,,,,,,,,,,,,,,,,,,
Yuba City,39.1357,-121.6381,"83,912,372","68,052","1,233","67,198",272,8,24,76,164,"2,030",406,"1,389",235,7,,,,,,,,,,,,,,,,,,,,,
Yucaipa,34.0335,-117.0426,"33,210,276","53,779",618,"53,697",113,0,11,20,82,"1,162",263,730,169,4,,,,,,,,,,,,,,,,,,,,,
Yucca Valley,34.1231,-116.4215,"14,474,085","21,281",680,"21,774",85,1,2,15,67,417,131,229,57,1,,,,,,,,,,,,,,,,,,,,,
,,,,,,,,,,,,,,,,,,,,,,,,,,,,,,,,,,,,,
,,,,,,,,,,,,,,,,,,,,,,,,,,,,,,,,,,,,,
